{"cameraMode":{"drawMode":0,"name":"Shaded","section":"Shading Mode"},"sceneLighting":false,"audioPlay":false,"sceneViewState":{"showFog":true,"showMaterialUpdate":false,"showSkybox":false,"showFlares":true,"showImageEffects":true,"showParticleSystems":true},"in2DMode":false,"pivot":{"x":-0.4400000274181366,"y":1.0399999618530274,"z":9.699999809265137},"rotation":{"x":-0.30370983481407168,"y":-0.4700275957584381,"z":0.17628087103366853,"w":-0.8097966313362122},"size":1.2247449159622193,"orthographic":false}